[
  {
    "id": "c07aa4d1-d7db-4135-903c-c248c02e08b9",
    "data": [
      {
        "text": "show me deep link",
        "userDefined": false
      }
    ],
    "isTemplate": false,
    "count": 0,
    "updated": 1520298893
  },
  {
    "id": "34a7c319-e85f-41e7-b043-00432bb69711",
    "data": [
      {
        "text": "what\u0027s the deep link intent?",
        "userDefined": false
      }
    ],
    "isTemplate": false,
    "count": 0,
    "updated": 1520298893
  },
  {
    "id": "1383c962-e720-4266-bae6-ba296a90db5b",
    "data": [
      {
        "text": "deep link",
        "userDefined": false
      }
    ],
    "isTemplate": false,
    "count": 0,
    "updated": 1520298893
  }
]