[
  {
    "id": "625eb4a3-48ed-4174-9ac5-5386c7d90cbf",
    "data": [
      {
        "text": "show me deep link",
        "userDefined": false
      }
    ],
    "isTemplate": false,
    "count": 0,
    "updated": 1520298893
  },
  {
    "id": "00782389-08ee-4d21-a301-31c79466551a",
    "data": [
      {
        "text": "what\u0027s the deep link intent?",
        "userDefined": false
      }
    ],
    "isTemplate": false,
    "count": 0,
    "updated": 1520298893
  },
  {
    "id": "1c169bc1-52b9-4519-813c-e35eae6e0a32",
    "data": [
      {
        "text": "deep link",
        "userDefined": false
      }
    ],
    "isTemplate": false,
    "count": 0,
    "updated": 1520298893
  }
]