[
  {
    "id": "eb63eea0-6bbd-488b-9678-7a25667ce040",
    "data": [
      {
        "text": "what\u0027s the confirmation intent?",
        "userDefined": false
      }
    ],
    "isTemplate": false,
    "count": 0,
    "updated": 1519236281
  },
  {
    "id": "2521496a-28e0-4eed-8359-0ad2e3d764a2",
    "data": [
      {
        "text": "tell me about confirmation",
        "userDefined": false
      }
    ],
    "isTemplate": false,
    "count": 0,
    "updated": 1519236281
  },
  {
    "id": "3db54f9d-16d7-4514-bcf0-ae48dff647e0",
    "data": [
      {
        "text": "ask for confirmation",
        "userDefined": false
      }
    ],
    "isTemplate": false,
    "count": 0,
    "updated": 1519236281
  }
]