[
  {
    "id": "87ba4cd6-7907-405a-be48-7c6c572677fa",
    "data": [
      {
        "text": "what\u0027s the permission intent?",
        "userDefined": false
      }
    ],
    "isTemplate": false,
    "count": 0,
    "updated": 1519235661
  },
  {
    "id": "ac38dcc3-9184-48ca-bd34-5498e87714ad",
    "data": [
      {
        "text": "permission intent please",
        "userDefined": false
      }
    ],
    "isTemplate": false,
    "count": 0,
    "updated": 1519235661
  },
  {
    "id": "5e3992b2-1213-4c78-a4cb-0c4303b2d37f",
    "data": [
      {
        "text": "ask for permission",
        "userDefined": false
      }
    ],
    "isTemplate": false,
    "count": 0,
    "updated": 1519235661
  }
]