[
  {
    "id": "b2a8efcc-3f39-469c-841b-5768ca97c429",
    "data": [
      {
        "text": "what\u0027s the confirmation intent?",
        "userDefined": false
      }
    ],
    "isTemplate": false,
    "count": 0,
    "updated": 1519236281
  },
  {
    "id": "4c44e930-0277-4520-b700-dbeffba6970f",
    "data": [
      {
        "text": "tell me about confirmation",
        "userDefined": false
      }
    ],
    "isTemplate": false,
    "count": 0,
    "updated": 1519236281
  },
  {
    "id": "8cd09194-7d42-467b-8349-ad8856172721",
    "data": [
      {
        "text": "ask for confirmation",
        "userDefined": false
      }
    ],
    "isTemplate": false,
    "count": 0,
    "updated": 1519236281
  }
]