[
  {
    "id": "d9ec1778-dfd4-487c-8a99-dc13aceff442",
    "data": [
      {
        "text": "what\u0027s the permission intent?",
        "userDefined": false
      }
    ],
    "isTemplate": false,
    "count": 0,
    "updated": 1519235661
  },
  {
    "id": "ae5d1656-590a-4003-8757-579203b1590e",
    "data": [
      {
        "text": "permission intent please",
        "userDefined": false
      }
    ],
    "isTemplate": false,
    "count": 0,
    "updated": 1519235661
  },
  {
    "id": "60acb237-13e6-4e1b-b24a-12a1fcbe93d3",
    "data": [
      {
        "text": "ask for permission",
        "userDefined": false
      }
    ],
    "isTemplate": false,
    "count": 0,
    "updated": 1519235661
  }
]