[
  {
    "id": "eca4adac-8ce1-459f-80f4-6eabb6d80fda",
    "data": [
      {
        "text": "what\u0027s the confirmation intent?",
        "userDefined": false
      }
    ],
    "isTemplate": false,
    "count": 0,
    "updated": 1519236281
  },
  {
    "id": "fbc818b0-ab25-494f-a96c-3074ce4e0acc",
    "data": [
      {
        "text": "tell me about confirmation",
        "userDefined": false
      }
    ],
    "isTemplate": false,
    "count": 0,
    "updated": 1519236281
  },
  {
    "id": "439a832a-70a2-4219-8fe4-b230f324c477",
    "data": [
      {
        "text": "ask for confirmation",
        "userDefined": false
      }
    ],
    "isTemplate": false,
    "count": 0,
    "updated": 1519236281
  }
]