[
  {
    "id": "c1f07c57-dee9-44dd-b3f2-f739f94e2203",
    "data": [
      {
        "text": "what\u0027s the permission intent?",
        "userDefined": false
      }
    ],
    "isTemplate": false,
    "count": 0,
    "updated": 1519235661
  },
  {
    "id": "6f6b5126-8216-48ae-a692-40ab905dfdf6",
    "data": [
      {
        "text": "permission intent please",
        "userDefined": false
      }
    ],
    "isTemplate": false,
    "count": 0,
    "updated": 1519235661
  },
  {
    "id": "8be015ef-c796-4725-b938-46500b10031b",
    "data": [
      {
        "text": "ask for permission",
        "userDefined": false
      }
    ],
    "isTemplate": false,
    "count": 0,
    "updated": 1519235661
  }
]